Global Health Estimates 2016: DALYs by age, sex and cause;;;;;;;;;;;;;;;;;;;;;;;;
Region:;;African Region;;;;;;;;;;;;;;;;;;;;;;
Year:;;2016;;;;;;;;;;;;;;;;;;;;;;
GlobalGlobal;;;;;;;;;;;;;;;;;;;;;;;;
;;;;;Sex;Both sexes;Male;Female;Male;;;;;;;;Female;;;;;;;
;;;;;Age group;Total (all ages);;;0-28 days;1-59 months;5-14 years;15-29 years;30-49 years;50-59 years;60-69 years;70+ years;0-28 days;1-59 months;5-14 years;15-29 years;30-49 years;50-59 years;60-69 years;70+ years
Population (thousands);;;;;;1.019.920;508.849;511.071;1.454;81.711;135.295;140.006;102.213;25.050;14.725;8.396;1.411;79.440;132.536;139.002;104.005;27.174;16.862;10.642
;;;;;;;;;;;;;;;;;;;;;;;;
Code;Cause of death;;;;;;;;;;;;;;;;;;;;;;;
0;;All Causes;;;;598.615.381;315.473.038;283.142.343;52.051.215;86.964.168;31.189.464;45.840.282;50.508.925;18.226.768;15.874.223;14.817.994;39.340.465;78.921.349;29.305.042;42.528.541;46.059.827;15.349.080;14.863.509;16.774.531
10;I.;Communicable, maternal, perinatal and nutritional conditions;;;;365.720.240;189.440.016;176.280.224;47.269.762;68.867.449;17.477.111;17.323.380;23.909.488;6.485.460;4.345.786;3.761.579;35.256.520;63.530.524;17.652.572;23.362.095;24.336.383;4.709.158;3.650.562;3.782.410
20;;A.;Infectious and parasitic diseases;;;184.522.492;98.046.220;86.476.272;1.792.187;37.371.567;12.732.523;14.457.650;21.341.286;5.248.153;2.939.684;2.163.171;1.149.336;34.668.059;12.875.915;13.060.217;16.587.241;3.568.668;2.406.700;2.160.135
30;;;1.;Tuberculosis;;18.393.291;11.553.713;6.839.578;3;786.678;369.825;3.067.444;4.095.788;1.530.908;943.166;759.900;5;773.308;436.559;1.760.327;1.907.594;762.178;606.210;593.399
40;;;2.;STDs excluding HIV;;6.374.371;2.848.814;3.525.557;437.271;1.587.963;341.387;235.024;206.829;31.914;4.800;3.626;349.835;1.928.320;649.446;301.403;257.935;23.312;9.361;5.946
50;;;;a.;Syphilis;5.377.469;2.410.849;2.966.620;437.271;1.587.963;337.744;10.134;20.949;10.451;3.307;3.030;349.835;1.928.320;640.976;30.453;10.408;2.800;1.938;1.891
60;;;;b.;Chlamydia;299.129;134.619;164.509;0;0;946;94.772;38.286;562;53;1;0;0;2.699;79.407;76.452;4.414;1.057;481
70;;;;c.;Gonorrhoea;371.951;227.627;144.324;0;0;1.929;95.037;113.780;16.439;406;37;0;0;2.482;78.903;54.864;4.710;1.776;1.589
80;;;;d.;Trichomoniasis;51.634;0;51.634;0;0;0;0;0;0;0;0;0;0;610;27.797;19.043;2.883;919;382
85;;;;e.;Genital herpes;44.086;14.804;29.282;0;0;264;4.962;6.490;1.615;941;533;0;0;705;11.407;11.265;2.957;1.810;1.138
90;;;;f.;Other STDs;230.102;60.914;169.188;0;0;504;30.120;27.324;2.848;92;25;0;0;1.975;73.436;85.904;5.548;1.861;465
100;;;3.;HIV/AIDS;;43.424.910;22.618.030;20.806.881;27.048;2.652.341;1.942.353;3.541.325;11.705.122;2.056.633;553.794;139.414;27.048;2.591.937;1.848.190;4.293.193;10.222.468;1.355.966;376.206;91.873
110;;;4.;Diarrhoeal diseases;;42.235.590;22.700.023;19.535.567;312.792;12.870.722;2.565.463;2.409.976;2.128.558;772.190;789.402;850.921;221.700;10.373.940;2.504.755;2.297.004;1.642.688;686.470;819.034;989.975
120;;;5.;Childhood-cluster diseases;;6.543.425;3.422.943;3.120.481;854.518;1.570.664;652.006;193.958;102.825;30.400;14.114;4.457;466.751;1.604.995;836.445;129.243;50.579;14.683;9.390;8.396
130;;;;a.;Whooping cough;564.184;228.984;335.200;0;13.119;192.582;18.117;4.283;883;0;0;0;16.029;292.056;22.085;4.172;858;0;0
140;;;;b.;Diphtheria;89.405;45.435;43.970;0;33.075;8.534;2.195;1.251;381;0;0;0;32.268;8.795;1.631;923;353;0;0
150;;;;c.;Measles;4.033.171;1.935.332;2.097.839;0;1.511.858;384.169;35.664;3.245;395;0;0;0;1.550.027;490.935;51.899;4.675;304;0;0
160;;;;d.;Tetanus;1.856.665;1.213.192;643.473;854.518;12.612;66.721;137.982;94.046;28.741;14.114;4.457;466.751;6.671;44.660;53.629;40.808;13.169;9.390;8.396
170;;;6.;Meningitis;;13.253.296;7.076.574;6.176.722;862;2.335.346;1.815.966;1.604.073;829.073;217.419;172.225;101.610;894;2.410.346;1.571.721;1.221.981;565.125;153.461;119.996;133.197
180;;;7.;Encephalitis;;927.909;505.376;422.534;35;163.739;123.289;118.026;67.474;16.882;10.163;5.768;25;148.168;93.116;92.471;53.680;14.374;14.641;6.058
185;;;8.;Hepatitis;;1.774.083;903.920;870.163;4;148.093;114.621;291.183;222.736;58.770;40.606;27.907;4;107.575;91.526;291.647;230.999;83.550;39.525;25.336
186;;;;a.;Acute hepatitis A;69.226;41.267;27.959;0;32.838;2.322;3.925;1.196;387;328;270;0;20.582;1.774;3.456;1.063;532;302;249
190;;;;b.;Acute hepatitis B;1.259.450;637.293;622.157;4;58.055;26.713;231.001;209.834;53.308;35.705;22.674;4;37.226;18.474;219.547;216.317;75.209;34.530;20.850
200;;;;c.;Acute hepatitis C;38.037;18.536;19.501;0;729;5.549;3.972;3.541;2.268;1.693;785;0;622;4.329;4.423;3.939;3.701;1.741;745
205;;;;d.;Acute hepatitis E;407.369;206.824;200.545;0;56.472;80.037;52.286;8.165;2.807;2.880;4.177;0;49.145;66.949;64.221;9.680;4.108;2.951;3.491
210;;;9.;Parasitic and vector diseases;;41.539.255;20.969.064;20.570.191;757;12.773.927;3.196.823;2.294.498;1.697.538;447.871;340.354;217.297;832;12.942.459;3.208.424;2.002.361;1.417.935;403.002;345.699;249.480
220;;;;a.;Malaria;34.679.773;17.175.375;17.504.398;687;12.597.979;2.417.765;1.105.533;638.916;154.614;148.815;111.067;805;12.774.100;2.592.187;1.104.448;573.863;161.631;166.735;130.629
230;;;;b.;African Trypanosomiasis;203.436;99.036;104.400;0;2.668;35.416;36.631;18.594;3.373;1.645;708;0;3.039;38.928;37.576;19.110;3.147;1.794;805
240;;;;c.;Chagas disease;0;0;0;0;0;0;0;0;0;0;0;0;0;0;0;0;0;0;0
250;;;;d.;Schistosomiasis;2.203.772;1.095.711;1.108.061;0;13.293;130.407;367.497;350.670;110.152;78.705;44.987;0;12.951;134.621;350.355;357.472;113.293;83.893;55.476
260;;;;e.;Leishmaniasis;172.564;94.116;78.448;0;10.084;11.902;30.485;19.527;4.009;10.300;7.810;0;10.579;10.934;24.404;14.005;3.326;8.240;6.960
270;;;;f.;lymphatic filariasis;667.483;566.344;101.140;0;0;85.517;146.162;223.679;69.425;29.956;11.604;0;0;11.056;24.296;42.387;14.015;6.674;2.713
280;;;;g.;Onchocerciasis;961.821;518.411;443.410;0;0;87.643;163.865;158.539;50.125;35.810;22.430;0;0;76.359;135.988;130.383;43.726;33.124;23.829
285;;;;h.;Cysticercosis;1.073.502;530.676;542.826;0;14.563;70.763;193.199;186.900;35.955;20.562;8.733;0;19.826;98.872;164.082;177.003;42.216;26.593;14.235
295;;;;i.;Echinococcosis;36.646;17.188;19.458;0;1.124;4.887;5.275;3.953;1.028;644;277;0;1.456;6.146;5.111;4.086;1.290;912;457
300;;;;j.;Dengue;102.224;44.356;57.868;0;11.525;12.959;10.584;6.246;1.477;969;596;0;17.466;16.248;12.456;7.381;1.918;1.420;980
310;;;;k.;Trachoma;40.217;16.641;23.576;0;0;0;478;2.004;2.229;4.954;6.976;0;0;0;558;2.893;3.352;6.985;9.787
315;;;;l.;Yellow fever;656.589;452.664;203.925;70;38.555;187.866;164.159;50.897;7.080;3.065;974;27;17.089;90.587;70.856;20.525;2.981;1.380;480
320;;;;m.;Rabies;741.227;358.546;382.682;0;84.136;151.697;70.631;37.613;8.405;4.929;1.135;0;85.952;132.487;72.231;68.826;12.106;7.949;3.130
330;;;10.;Intestinal nematode infections;;1.148.255;521.553;626.701;0;174.221;151.091;97.599;66.450;16.492;9.900;5.800;0;216.635;169.082;119.714;82.189;19.373;11.698;8.011
340;;;;a.;Ascariasis;564.288;252.943;311.345;0;143.554;69.650;19.762;13.457;3.406;1.979;1.134;0;187.690;83.523;19.345;13.342;3.665;2.282;1.498
350;;;;b.;Trichuriasis;89.280;44.304;44.977;0;4.093;17.617;11.030;7.732;1.996;1.159;676;0;3.945;17.367;10.892;7.997;2.345;1.402;1.028
360;;;;c.;Hookworm disease;494.686;224.306;270.379;0;26.573;63.823;66.807;45.261;11.090;6.762;3.991;0;25.000;68.192;89.477;60.849;13.363;8.013;5.485
362;;;;d.;Food-bourne trematodes;0;0;0;0;0;0;0;0;0;0;0;0;0;0;0;0;0;0;0
365;;;11.;Leprosy;;75.760;34.452;41.308;0;5;59;767;9.582;9.507;9.139;5.393;0;2;24;743;8.511;10.166;12.996;8.868
370;;;12.;Other infectious diseases;;8.832.348;4.891.759;3.940.589;158.897;2.307.868;1.459.639;603.778;209.310;59.165;52.022;41.079;82.244;1.570.374;1.466.628;550.130;147.538;42.132;41.946;39.597
380;;B.;Respiratory Infectious ;;;60.588.312;31.848.449;28.739.863;3.811.970;18.322.533;2.308.426;1.868.776;1.924.953;1.021.790;1.219.194;1.370.808;2.762.930;17.330.473;2.562.679;1.619.290;1.351.871;789.308;982.400;1.340.913
390;;;1.;Lower respiratory infections;;58.980.125;31.025.524;27.954.601;3.808.283;18.099.101;2.050.082;1.676.087;1.824.300;996.349;1.206.735;1.364.586;2.759.693;17.121.074;2.323.380;1.433.641;1.252.353;762.467;968.594;1.333.399
400;;;2.;Upper respiratory infections;;859.919;432.225;427.694;3.453;118.020;108.446;108.069;68.459;14.202;7.730;3.846;2.851;114.994;106.931;105.992;68.249;15.077;8.676;4.924
410;;;3.;Otitis media;;748.268;390.700;357.568;234;105.411;149.898;84.620;32.194;11.238;4.729;2.375;386;94.405;132.368;79.657;31.270;11.764;5.130;2.590
420;;C.;Maternal conditions;;;12.282.426;0;12.282.426;0;0;0;0;0;0;0;0;0;0;923;7.030.200;5.244.621;6.682;0;0
490;;D.;Neonatal conditions;;;82.923.560;46.802.327;36.121.232;41.645.509;4.680.924;195.425;167.662;90.970;14.120;5.769;1.948;31.326.977;4.140.923;253.780;228.568;133.641;23.928;10.176;3.240
500;;;1.;Preterm birth complications;;32.117.128;17.934.679;14.182.448;15.070.409;2.670.318;76.322;68.402;38.432;6.400;3.024;1.373;11.782.525;2.192.811;77.322;73.048;43.100;7.932;3.843;1.867
510;;;2.;Birth asphyxia and birth trauma;;30.013.600;17.297.458;12.716.142;15.721.162;1.459.850;47.975;41.114;22.102;3.507;1.401;348;11.252.395;1.321.803;55.020;50.236;28.741;5.274;2.195;477
520;;;3.;Neonatal sepsis and infections;;16.516.437;9.343.758;7.172.680;9.130.746;80.080;58.282;46.577;23.786;3.169;964;153;6.768.071;134.637;108.629;93.236;54.451;9.342;3.560;754
530;;;4.;Other neonatal conditions;;4.276.394;2.226.432;2.049.962;1.723.192;470.676;12.846;11.569;6.649;1.044;381;75;1.523.986;491.672;12.809;12.048;7.349;1.381;577;142
540;;E.;Nutritional deficiencies;;;25.403.451;12.743.019;12.660.432;20.096;8.492.427;2.240.738;829.291;552.279;201.398;181.139;225.652;17.278;7.391.070;1.959.275;1.423.821;1.019.008;320.571;251.287;278.122
550;;;1.;Protein-energy malnutrition;;16.425.626;8.942.128;7.483.498;7.582;7.174.674;826.755;292.177;232.922;117.070;121.261;169.687;6.494;6.077.131;693.688;262.063;152.242;63.162;83.527;145.190
560;;;2.;Iodine deficiency;;722.266;282.533;439.734;0;15.610;49.811;105.443;75.633;19.065;10.701;6.268;0;22.632;75.665;158.847;117.630;31.855;19.885;13.221
570;;;3.;Vitamin A deficiency;;58.026;28.885;29.141;0;7.448;8.824;6.295;4.337;1.036;610;335;0;7.280;8.582;6.279;4.656;1.179;729;435
580;;;4.;Iron-deficiency anaemia;;7.441.386;3.141.949;4.299.437;12.515;1.218.501;1.336.978;344.803;152.007;32.117;26.792;18.236;10.784;1.133.010;1.153.201;929.687;676.888;185.303;123.245;87.318
590;;;5.;Other nutritional deficiencies;;756.146;347.524;408.622;0;76.194;18.370;80.573;87.379;32.110;21.773;31.126;0;151.016;28.138;66.945;67.592;39.072;23.901;31.958
600;II.;Noncommunicable diseases;;;;173.865.592;86.892.869;86.972.723;4.189.027;9.928.144;7.630.171;15.728.245;19.177.782;9.869.975;10.278.353;10.091.173;3.729.472;9.328.495;7.801.685;14.754.946;19.041.109;9.724.986;10.425.531;12.166.499
610;;A.;Malignant neoplasms;;;19.498.722;8.729.579;10.769.143;561;506.149;422.618;1.190.671;2.388.342;1.441.071;1.443.010;1.337.158;446;377.498;349.764;1.069.643;4.103.546;2.179.930;1.720.936;967.380
620;;;1.;Mouth and oropharynx cancers;;679.459;422.067;257.392;0;7.008;9.169;44.951;136.830;105.636;78.501;39.972;0;2.786;5.864;30.948;88.446;50.317;52.959;26.071
621;;;;a.;Lip and oral cavity;350.592;211.661;138.931;0;5.574;4.861;17.358;70.864;48.295;38.988;25.720;0;2.227;2.122;9.981;49.690;27.807;29.914;17.190
622;;;;b.;Nasopharynx;200.005;121.936;78.069;0;0;2.893;23.555;41.810;27.441;19.055;7.182;0;0;3.287;18.217;27.542;14.279;10.060;4.684
623;;;;c.;Other pharynx;128.862;88.471;40.392;0;1.434;1.414;4.038;24.156;29.900;20.458;7.070;0;559;456;2.749;11.214;8.232;12.985;4.197
630;;;2.;Oesophagus cancer;;711.505;441.482;270.022;0;597;345;10.129;99.238;124.993;123.440;82.741;0;277;85;8.966;58.409;64.488;77.202;60.596
640;;;3.;Stomach cancer;;638.468;359.816;278.652;0;8.533;7.574;18.804;117.210;85.614;74.450;47.629;0;3.854;3.419;12.768;87.418;60.363;67.723;43.108
650;;;4.;Colon and rectum cancers;;913.372;470.595;442.777;0;5.969;5.985;45.852;151.488;106.414;96.902;57.985;0;7.058;5.513;35.032;157.197;101.651;85.719;50.608
660;;;5.;Liver cancer;;1.684.901;1.111.679;573.222;0;0;29.104;214.128;453.671;202.912;137.178;74.687;0;0;12.915;60.518;238.708;122.749;86.008;52.323
661;;;;a.;Liver cancer secondary to hepatitis B;877.323;603.777;273.546;0;0;23.823;180.082;268.612;76.415;38.247;16.597;0;0;8.294;45.406;140.512;45.138;22.733;11.464
662;;;;b.;Liver cancer secondary to hepatitis C;263.512;129.071;134.441;0;0;669;8.709;41.828;32.648;27.988;17.230;0;0;685;5.080;43.107;35.761;29.469;20.337
663;;;;c.;Liver cancer secondary to alcohol use;402.318;304.444;97.875;0;0;0;6.763;115.184;82.676;63.459;36.361;0;0;0;804;28.137;29.149;25.037;14.748
664;;;;d.;Other liver cancer;141.747;74.388;67.360;0;0;4.612;18.574;28.047;11.172;7.484;4.498;0;0;3.936;9.226;26.953;12.701;8.770;5.774
670;;;6.;Pancreas cancer;;298.348;157.553;140.795;0;96;109;4.597;36.897;46.908;45.673;23.274;0;0;0;5.464;38.708;39.392;35.050;22.180
680;;;7.;Trachea, bronchus, lung cancers;;574.255;370.006;204.249;0;2.479;2.059;6.597;80.092;113.625;104.926;60.228;0;277;85;9.346;45.606;57.745;55.384;35.806
690;;;8.;Melanoma and other skin cancers;;181.775;108.663;73.112;0;790;713;6.844;23.445;26.598;28.388;21.884;0;850;727;3.915;14.478;17.407;21.774;13.962
691;;;;a.;Malignant skin melanoma;123.927;58.810;65.117;0;790;713;3.952;14.093;17.329;13.839;8.093;0;850;727;2.975;12.791;15.882;20.310;11.582
692;;;;b.;Non-melanoma skin cancer;57.849;49.853;7.996;0;0;0;2.891;9.352;9.269;14.549;13.792;0;0;0;940;1.686;1.525;1.464;2.380
700;;;9.;Breast cancer;;2.217.098;5.551;2.211.546;0;0;0;1.051;1.790;993;960;757;0;1.205;1.292;152.588;1.188.202;462.097;273.874;132.288
710;;;10.;Cervix uteri cancer;;2.123.058;0;2.123.058;0;0;0;0;0;0;0;0;0;5.530;3.908;81.118;857.473;566.535;406.973;201.521
720;;;11.;Corpus uteri cancer;;99.997;0;99.997;0;0;0;0;0;0;0;0;0;0;0;2.805;18.394;22.873;30.636;25.289
730;;;12.;Ovary cancer;;437.925;0;437.925;0;0;0;0;0;0;0;0;0;6.718;6.123;42.371;169.237;100.921;72.752;39.804
740;;;13.;Prostate cancer;;856.887;856.887;0;0;0;0;24.719;24.753;23.610;210.500;573.305;0;0;0;0;0;0;0;0
742;;;14.;Testicular cancer;;34.215;34.215;0;0;2.809;2.290;7.537;10.583;5.179;3.243;2.574;0;0;0;0;0;0;0;0
745;;;15.;Kidney cancer;;367.991;177.175;190.815;39;73.075;31.976;13.130;23.097;14.385;13.136;8.338;34;59.805;52.796;13.477;33.049;14.965;10.574;6.118
750;;;16.;Bladder cancer;;245.226;154.838;90.387;0;7.637;6.342;4.593;34.315;29.362;38.046;34.543;0;2.350;1.889;3.378;19.684;23.980;23.319;15.789
751;;;17.;Brain and nervous system cancers;;295.106;163.574;131.532;83;21.818;25.451;24.751;43.157;24.279;17.088;6.948;55;15.120;20.156;19.519;34.873;20.561;13.794;7.454
752;;;18.;Gallbladder and biliary tract cancer;;102.251;32.539;69.712;0;0;0;1.643;10.559;7.707;7.430;5.200;0;0;0;2.051;23.170;19.509;14.424;10.557
753;;;19.;Larynx cancer;;124.660;105.279;19.381;0;0;0;3.255;25.007;30.864;31.045;15.108;0;0;0;1.361;5.234;4.763;5.161;2.863
754;;;20.;Thyroid cancer;;120.885;34.729;86.156;0;0;443;1.638;2.771;7.731;13.831;8.315;0;0;449;1.537;5.473;20.241;39.983;18.473
755;;;21.;Mesothelioma;;24.437;16.500;7.938;0;270;626;2.604;4.238;3.596;3.052;2.114;0;0;0;898;1.744;2.491;1.567;1.238
760;;;22.;Lymphomas, multiple myeloma;;1.394.883;779.912;614.971;65;69.278;115.597;136.215;227.988;94.529;85.204;51.036;59;48.300;79.364;120.420;189.758;75.116;61.252;40.702
761;;;;a.;Hodgkin lymphoma;169.043;103.089;65.954;14;5.360;11.898;26.415;33.112;11.300;10.091;4.899;5;2.317;6.183;17.077;21.417;8.376;5.205;5.373
762;;;;b.;Non-Hodgkin lymphoma;1.086.599;609.049;477.550;52;62.012;102.191;108.256;182.871;68.448;51.604;33.615;54;45.320;72.597;101.377;154.588;48.755;32.431;22.428
763;;;;c.;Multiple myeloma;139.241;67.774;71.467;0;1.905;1.508;1.544;12.004;14.780;23.510;12.522;0;663;584;1.966;13.754;17.984;23.615;12.901
770;;;23.;Leukaemia;;751.411;436.775;314.636;81;61.454;49.757;112.689;104.560;47.862;38.012;22.361;70;33.022;29.686;63.710;85.487;44.510;35.487;22.664
780;;;24.;Other malignant neoplasms;;4.620.608;2.489.741;2.130.867;292;244.337;135.078;504.946;776.652;338.273;292.005;198.158;229;190.348;125.495;397.455;742.798;287.256;249.320;137.966
790;;B.;Other neoplasms;;;745.759;399.063;346.696;0;36.971;45.871;71.619;85.167;63.633;53.269;42.532;0;32.167;48.298;38.493;103.370;46.270;45.679;32.419
800;;C.;Diabetes mellitus;;;6.482.448;3.244.946;3.237.502;275;20.437;51.285;265.302;785.009;705.849;773.046;643.743;152;19.463;57.566;257.572;657.932;634.525;798.554;811.736
810;;D.;Endocrine, blood, immune disorders;;;8.562.627;3.433.928;5.128.699;20.164;1.309.401;803.205;726.319;351.359;93.735;68.196;61.550;17.999;1.378.403;1.231.018;1.667.749;489.831;117.315;111.745;114.639
811;;;1.;Thalassaemias;;277.022;122.975;154.047;557;61.618;28.948;9.724;12.650;4.246;2.936;2.296;519;55.281;33.240;24.067;28.124;6.894;3.163;2.758
812;;;2.;Sickle cell disorders and trait;;6.117.247;2.134.640;3.982.607;13.173;870.408;556.273;562.455;113.864;11.369;4.358;2.740;12.065;1.010.013;1.054.021;1.521.063;327.949;41.059;11.009;5.430
813;;;3.;Other haemoglobinopathies and haemolytic anaemias;;691.638;407.242;284.396;787;84.236;104.320;78.234;58.702;25.131;26.145;29.687;543;58.149;48.801;43.896;30.494;18.511;32.906;51.098
814;;;4.;Other endocrine, blood and immune disorders;;1.476.720;769.072;707.648;5.647;293.139;113.664;75.906;166.142;52.989;34.758;26.827;4.873;254.960;94.956;78.723;103.264;50.851;64.668;55.353
820;;E.;Mental and substance use disorders;;;19.813.217;10.580.761;9.232.455;1.910;190.295;1.677.018;4.153.365;3.211.934;731.334;407.297;207.608;772;91.970;1.324.892;3.472.703;2.840.538;743.928;465.657;291.995
830;;;1.;Depressive disorders;;5.303.593;2.218.995;3.084.598;0;194;176.934;827.620;725.815;232.773;156.965;98.695;0;205;224.218;1.066.058;1.025.431;351.876;247.638;169.172
831;;;;a.;Major depressive disorder;4.358.502;1.816.189;2.542.313;0;160;157.965;693.139;571.633;184.664;125.968;82.660;0;167;199.638;891.045;824.272;283.777;200.760;142.654
832;;;;b.;Dysthymia;945.091;402.806;542.285;0;34;18.969;134.480;154.182;48.108;30.997;16.035;0;38;24.581;175.013;201.159;68.099;46.878;26.518
840;;;2.;Bipolar disorder;;1.095.225;499.675;595.549;0;0;31.779;238.865;164.387;37.955;18.993;7.697;0;0;38.498;283.570;190.926;47.046;24.570;10.938
850;;;3.;Schizophrenia;;884.077;438.412;445.665;0;0;1.999;121.446;226.582;55.025;26.124;7.236;0;0;1.712;118.621;230.554;58.174;28.165;8.439
860;;;4.;Alcohol use disorders;;1.973.024;1.333.335;639.689;6;513;10.079;549.320;557.430;136.907;59.592;19.487;4;346;5.929;284.889;253.248;42.920;27.599;24.755
870;;;5.;Drug use disorders;;1.901.632;1.373.518;528.114;29;0;325;716.249;537.183;59.542;39.021;21.170;79;0;185;253.556;208.549;32.631;21.556;11.557
871;;;;a.;Opioid use disorders;1.716.586;1.256.129;460.457;29;0;0;654.043;497.982;52.636;34.506;16.934;79;0;0;218.515;185.059;28.398;19.132;9.273
872;;;;b.;Cocaine use disorders;30.277;21.463;8.814;0;0;0;8.598;8.827;1.849;1.359;829;0;0;0;4.241;3.151;718;469;234
873;;;;c.;Amphetamine use disorders;17.536;13.008;4.528;0;0;19;7.574;4.176;567;434;238;0;0;6;2.870;1.231;220;137;65
874;;;;d.;Cannabis use disorders;51.092;31.359;19.734;0;0;291;22.427;7.674;653;219;94;0;0;173;13.879;4.954;472;172;83
875;;;;e.;Other drug use disorders;86.141;51.561;34.581;0;0;15;23.608;18.524;3.837;2.502;3.075;0;0;7;14.051;14.153;2.823;1.646;1.901
880;;;6.;Anxiety disorders;;2.873.704;1.140.305;1.733.399;0;6.495;258.252;439.725;317.741;68.573;32.753;16.766;0;8.360;364.584;663.591;476.372;118.114;64.404;37.972
890;;;7.;Eating disorders;;194.663;49.442;145.221;0;0;5.718;28.142;15.582;0;0;0;0;0;16.145;86.875;42.201;0;0;0
900;;;8.;Autism and Asperger syndrome;;1.208.016;911.479;296.536;1.468;116.611;277.052;282.421;169.277;35.773;19.126;9.752;459;38.087;94.758;92.533;51.070;10.649;5.775;3.205
910;;;9.;Childhood behavioural disorders;;1.383.956;889.480;494.476;0;2.405;548.669;320.795;15.307;1.841;419;43;0;1.082;315.436;169.169;7.497;1.012;250;30
911;;;;a.;Attention deficit/hyperactivity syndrome;161.847;110.357;51.490;0;2.405;49.810;40.531;15.307;1.841;419;43;0;1.082;22.793;18.826;7.497;1.012;250;30
912;;;;b.;Conduct disorder;1.222.109;779.123;442.986;0;0;498.859;280.264;0;0;0;0;0;0;292.643;150.343;0;0;0;0
920;;;10.;Idiopathic intellectual disability;;1.968.852;1.131.615;837.237;408;64.077;359.465;411.819;223.598;42.751;20.796;8.701;230;43.890;258.808;306.628;167.869;33.913;17.438;8.463
930;;;11.;Other mental and behavioural disorders;;1.026.475;594.505;431.970;0;0;6.746;216.964;259.033;60.195;33.507;18.060;0;0;4.619;147.214;186.820;47.593;28.261;17.464
940;;F.;Neurological conditions;;;9.791.408;4.561.322;5.230.085;47;346.332;612.402;1.485.009;1.018.036;257.065;252.262;590.169;52;344.891;726.888;1.439.328;1.183.109;314.509;295.697;925.610
950;;;1.;Alzheimer disease and other dementias;;1.620.834;635.075;985.759;0;0;0;0;5.611;39.215;109.844;480.405;0;0;0;0;6.044;41.472;143.260;794.982
960;;;2.;Parkinson disease;;128.136;75.180;52.956;0;0;0;186;3.809;4.808;13.731;52.645;0;0;0;96;1.975;2.951;8.963;38.971
970;;;3.;Epilepsy;;3.570.628;2.146.928;1.423.700;43;263.346;360.118;875.374;464.658;83.910;67.067;32.411;44;249.234;315.007;445.026;267.312;59.939;39.578;47.559
980;;;4.;Multiple sclerosis;;41.207;14.857;26.350;0;0;110;2.315;7.377;2.808;1.567;681;0;0;198;4.411;13.512;4.495;2.488;1.244
990;;;5.;Migraine;;2.890.573;1.034.502;1.856.071;0;0;129.406;399.894;376.530;79.952;35.891;12.829;0;0;231.905;702.405;676.085;149.253;69.463;26.962
1000;;;6.;Non-migraine headache;;734.211;292.345;441.866;0;0;27.304;108.578;114.314;24.660;12.455;5.035;0;0;44.256;158.903;167.652;39.920;21.452;9.684
1010;;;7.;Other neurological conditions;;805.818;362.435;443.383;4;82.986;95.463;98.662;45.738;21.712;11.707;6.163;8;95.657;135.522;128.486;50.531;16.478;10.493;6.208
1020;;G.;Sense organ diseases;;;10.654.446;5.200.487;5.453.958;1.537;193.457;601.004;910.117;1.186.881;691.611;764.602;851.279;1.416;182.483;541.533;834.573;1.157.828;738.797;876.301;1.121.027
1030;;;1.;Glaucoma;;132.930;58.034;74.897;0;0;0;476;5.736;7.845;14.364;29.612;0;0;0;612;6.738;9.278;17.906;40.364
1040;;;2.;Cataracts;;786.341;306.059;480.282;0;0;0;1.378;34.729;51.436;86.826;131.690;0;0;0;2.371;52.265;76.448;133.468;215.730
1050;;;3.;Uncorrected refractive errors;;3.101.598;1.466.692;1.634.906;812;93.919;235.912;311.076;367.952;178.679;157.241;121.101;927;96.977;238.115;321.153;415.611;214.267;188.918;158.938
1060;;;4.;Macular degeneration;;202.130;78.871;123.259;0;0;0;0;5;7.749;22.362;48.755;0;0;0;0;13;11.563;34.006;77.678
1070;;;5.;Other vision loss;;1.072.921;516.428;556.494;25;13.445;39.322;72.936;95.696;72.984;96.802;125.217;27;15.143;44.390;82.221;98.978;74.119;100.575;141.041
1080;;;6.;Other hearing loss;;4.802.428;2.522.459;2.279.969;701;71.682;297.009;474.535;616.215;340.766;353.136;368.415;462;53.946;226.843;372.049;506.989;313.231;357.613;448.837
1090;;;7.;Other sense organ disorders;;556.098;251.946;304.152;0;14.412;28.761;49.716;66.546;32.151;33.870;26.489;0;16.417;32.185;56.167;77.234;39.892;43.817;38.440
1100;;H.;Cardiovascular diseases;;;33.471.669;16.709.692;16.761.977;12.477;564.884;502.197;1.835.486;3.391.019;2.801.689;3.658.649;3.943.293;10.454;562.291;463.516;1.403.673;2.806.517;2.387.787;3.656.886;5.470.853
1110;;;1.;Rheumatic heart disease;;1.298.363;587.797;710.566;0;46.527;89.816;158.472;145.275;54.497;52.975;40.233;0;41.048;100.550;172.603;178.656;72.260;77.940;67.509
1120;;;2.;Hypertensive heart disease;;1.849.252;659.202;1.190.049;0;1.606;2.347;42.977;142.940;126.937;161.745;180.650;0;3.037;3.461;60.952;206.133;214.302;286.163;416.001
1130;;;3.;Ischaemic heart disease;;12.784.117;6.954.557;5.829.560;0;6.685;17.617;426.352;1.433.206;1.341.801;1.763.677;1.965.220;0;4.771;7.827;213.177;818.593;849.447;1.499.498;2.436.247
1140;;;4.;Stroke;;10.757.246;5.007.148;5.750.098;6.434;199.585;157.748;467.493;961.974;880.153;1.175.832;1.157.929;3.551;168.554;141.583;374.877;1.005.640;910.214;1.314.778;1.830.901
1141;;;;a.;Ischaemic stroke;3.410.497;1.417.190;1.993.306;0;3.717;5.391;64.271;135.507;178.918;456.182;573.204;0;9.204;6.173;66.095;163.456;199.391;561.250;987.737
1142;;;;b.;Haemorrhagic stroke;7.346.749;3.589.957;3.756.792;6.434;195.868;152.357;403.222;826.467;701.235;719.650;584.724;3.551;159.350;135.410;308.782;842.184;710.823;753.528;843.165
1150;;;5.;Cardiomyopathy, myocarditis, endocarditis;;1.613.860;936.408;677.452;2.338;116.765;63.236;231.880;205.564;109.779;116.242;90.605;2.220;137.121;63.147;137.943;124.301;55.226;67.185;90.308
1160;;;6.;Other circulatory diseases;;5.168.832;2.564.581;2.604.251;3.706;193.717;171.432;508.311;502.060;288.521;388.178;508.655;4.682;207.760;146.948;444.122;473.195;286.338;411.321;629.886
1170;;I.;Respiratory diseases;;;8.742.575;4.351.261;4.391.314;0;273.198;631.597;674.248;775.042;524.676;690.358;782.142;0;365.216;731.450;675.950;720.512;504.810;638.841;754.534
1180;;;1.;Chronic obstructive pulmonary disease;;3.732.325;1.968.686;1.763.639;0;32.038;27.718;169.126;335.281;321.786;480.309;602.427;0;55.488;37.892;157.172;256.041;283.319;429.904;543.823
1190;;;2.;Asthma;;4.259.258;1.878.065;2.381.194;0;186.852;527.386;410.703;336.509;146.383;150.422;119.808;0;269.431;598.504;487.889;430.784;207.825;195.348;191.412
1200;;;3.;Other respiratory diseases;;750.991;504.510;246.481;0;54.308;76.493;94.418;103.251;56.506;59.626;59.907;0;40.297;95.054;30.889;33.687;13.666;13.589;19.298
1210;;J.;Digestive diseases;;;15.336.118;9.371.842;5.964.276;7.688;980.859;654.802;1.661.977;2.928.934;1.300.929;1.082.592;754.060;6.427;848.389;520.711;995.906;1.415.609;691.346;765.263;720.625
1220;;;1.;Peptic ulcer disease;;1.317.454;585.719;731.735;0;33.062;36.543;112.324;155.523;97.336;67.557;83.373;0;54.565;90.869;130.115;164.717;80.643;88.348;122.477
1230;;;2.;Cirrhosis of the liver;;7.191.097;4.678.874;2.512.223;8;167.367;210.670;814.863;1.746.295;779.058;656.290;304.323;5;95.531;139.274;433.826;778.934;377.556;408.194;278.903
1231;;;;a.;Cirrhosis due to hepatitis B;2.768.968;2.021.404;747.564;0;3.227;18.141;369.880;945.212;342.547;249.863;92.535;0;611;4.803;116.402;333.633;124.344;109.859;57.912
1232;;;;b.;Cirrhosis due to hepatitis C;1.049.691;628.517;421.173;0;1.203;2.292;30.426;176.217;143.025;172.809;102.546;0;243;642;16.222;102.826;82.716;120.732;97.794
1233;;;;c.;Cirrhosis due to alcohol use;1.563.380;1.064.543;498.837;0;0;0;74.843;487.090;235.477;181.960;85.172;0;0;0;27.970;195.125;102.486;101.962;71.294
1234;;;;d.;Other liver cirrhosis;1.809.058;964.409;844.649;8;162.938;190.236;339.714;137.776;58.009;51.658;24.071;5;94.677;133.829;273.232;147.350;68.010;75.642;51.904
1240;;;3.;Appendicitis;;727.501;326.288;401.213;0;52.728;82.702;86.932;49.895;25.046;11.946;17.040;0;107.113;80.292;98.092;52.103;15.309;24.862;23.443
1241;;;4.;Gastritis and duodenitis;;426.540;287.784;138.756;0;26.084;11.091;50.095;113.361;42.370;17.483;27.299;0;9.257;12.627;25.089;42.390;14.351;13.547;21.494
1242;;;5.;Paralytic ileus and intestinal obstruction;;2.925.146;1.738.018;1.187.129;7.680;477.344;164.761;265.723;355.652;169.224;158.378;139.254;6.422;449.538;95.589;157.176;163.964;92.245;107.905;114.291
1244;;;6.;Inflammatory bowel disease;;314.562;160.226;154.335;0;34.996;10.485;29.330;37.705;17.099;14.867;15.744;0;33.563;9.819;33.499;34.227;13.056;12.310;17.862
1246;;;7.;Gallbladder and biliary diseases;;381.258;168.986;212.272;0;7.688;14.303;31.311;42.585;20.136;19.446;33.517;0;6.166;25.766;30.660;50.057;22.723;36.600;40.300
1248;;;8.;Pancreatitis;;469.105;351.517;117.588;0;1.960;1.420;62.490;204.557;44.166;19.645;17.280;0;1.016;4.572;11.920;35.684;31.092;15.448;17.856
1250;;;9.;Other digestive diseases;;1.583.455;1.074.430;509.025;0;179.630;122.828;208.909;223.361;106.493;116.981;116.228;0;91.642;61.902;75.530;93.533;44.371;58.048;83.999
1260;;K.;Genitourinary diseases;;;7.467.469;3.707.425;3.760.044;1.247;467.583;207.742;801.780;833.872;436.190;483.092;475.920;305;293.256;212.580;876.715;1.216.631;410.046;342.276;408.234
1270;;;1.;Kidney diseases;;4.145.920;2.286.575;1.859.345;1;210.132;162.062;531.849;515.618;260.992;290.529;315.391;1;172.234;155.596;285.949;423.843;235.233;254.078;332.411
1271;;;;a.;Acute glomerulonephritis;19.790;9.339;10.451;0;1.953;3.064;2.419;1.155;316;258;175;0;1.899;3.944;2.880;1.143;223;165;196
1272;;;;b.;Chronic kidney disease due to diabetes;989.014;566.277;422.737;0;5.931;5.987;58.602;168.772;104.943;116.189;105.853;0;3.979;4.617;24.954;113.634;84.264;92.262;99.027
1273;;;;c.;Other chronic kidney disease;3.137.116;1.710.958;1.426.158;1;202.248;153.011;470.828;345.691;155.733;174.083;209.363;1;166.356;147.035;258.115;309.065;150.746;161.651;233.189
1280;;;2.;Benign prostatic hyperplasia;;283.515;283.515;0;0;0;0;0;27.815;106.891;88.937;59.872;0;0;0;0;0;0;0;0
1290;;;3.;Urolithiasis;;50.952;35.331;15.621;0;132;4.770;18.955;6.253;1.971;1.979;1.270;0;92;3.029;5.467;4.187;1.254;920;671
1300;;;4.;Other urinary diseases;;1.457.559;935.712;521.846;1.245;257.319;40.910;182.294;186.576;66.336;101.646;99.387;303;120.930;53.955;107.607;89.154;43.743;51.225;54.929
1310;;;5.;Infertility;;209.406;166.293;43.113;0;0;0;68.681;97.611;0;0;0;0;0;0;22.325;20.788;0;0;0
1320;;;6.;Gynecological diseases;;1.320.118;0;1.320.118;0;0;0;0;0;0;0;0;0;0;0;455.368;678.659;129.815;36.053;20.224
1330;;L.;Skin diseases;;;4.156.867;1.915.606;2.241.261;363;428.562;453.260;523.338;273.779;88.807;72.653;74.843;419;574.974;508.926;556.547;285.211;116.346;93.124;105.714
1340;;M.;Musculoskeletal diseases;;;7.681.131;3.567.495;4.113.635;0;0;119.536;755.156;1.432.839;574.620;419.553;265.790;0;0;151.658;847.077;1.573.976;675.497;498.830;366.598
1350;;;1.;Rheumatoid arthritis;;347.165;110.004;237.161;0;0;5.958;19.435;36.415;20.443;16.425;11.328;0;0;10.598;40.544;78.322;42.858;35.179;29.659
1360;;;2.;Osteoarthritis;;1.050.277;458.081;592.196;0;0;0;0;146.202;123.368;109.976;78.535;0;0;0;0;174.607;152.802;145.301;119.485
1370;;;3.;Gout;;67.059;48.756;18.302;0;0;0;3.568;18.112;10.472;9.614;6.991;0;0;0;1.203;6.098;3.918;3.889;3.194
1380;;;4.;Back and neck pain;;4.283.428;2.196.424;2.087.004;0;0;90.326;504.876;896.842;339.079;224.550;140.751;0;0;80.499;400.651;813.917;360.007;251.561;180.369
1390;;;5.;Other musculoskeletal disorders;;1.933.202;754.230;1.178.972;0;0;23.253;227.277;335.270;81.258;58.988;28.185;0;0;60.561;404.678;501.032;115.912;62.900;33.890
1400;;N.;Congenital anomalies;;;18.794.976;9.682.636;9.112.340;4.136.070;3.884.324;787.632;517.523;249.617;57.522;38.073;11.875;3.687.994;3.810.877;862.453;439.557;206.919;56.280;35.499;12.761
1410;;;1.;Neural tube defects;;3.557.831;2.132.536;1.425.296;1.201.643;691.212;113.901;66.593;40.947;9.775;5.632;2.832;734.501;452.220;104.261;68.809;43.749;11.087;6.691;3.978
1420;;;2.;Cleft lip and cleft palate;;151.655;67.999;83.657;31.889;34.103;679;653;457;112;67;39;53.762;28.063;601;586;422;110;69;45
1430;;;3.;Down syndrome;;299.822;146.359;153.463;35.602;83.105;10.727;9.005;5.795;1.530;596;0;40.501;76.500;11.325;12.411;9.875;2.145;706;0
1440;;;4.;Congenital heart anomalies;;4.748.198;2.632.851;2.115.347;913.516;1.262.457;247.767;149.962;52.958;3.492;2.539;160;679.032;1.073.733;234.007;97.822;24.498;3.792;2.238;225
1450;;;5.;Other chromosomal anomalies;;851.797;296.589;555.208;132.272;132.260;18.263;11.270;2.094;311;118;1;253.630;245.016;33.366;18.626;3.967;441;148;13
1460;;;6.;Other congenital anomalies;;9.185.673;4.406.303;4.779.370;1.821.148;1.681.188;396.294;280.039;147.366;42.302;29.122;8.844;1.926.568;1.935.346;478.893;241.304;124.408;38.704;25.648;8.500
1470;;O.;Oral conditions;;;1.496.262;710.786;785.476;0;6.337;60.003;156.335;265.951;101.244;71.701;49.214;0;5.793;70.431;179.458;279.578;107.600;80.242;62.374
1480;;;1.;Dental caries;;196.289;95.464;100.825;0;6.337;22.799;32.131;24.459;5.186;2.888;1.663;0;5.793;24.043;33.694;25.900;5.771;3.427;2.196
1490;;;2.;Periodontal disease;;412.873;219.711;193.162;0;0;0;35.628;106.846;39.959;24.141;13.137;0;0;0;26.093;88.295;38.010;25.165;15.600
1500;;;3.;Edentulism;;440.472;200.467;240.005;0;0;0;21.255;72.925;40.376;35.754;30.157;0;0;0;34.916;86.492;42.145;38.736;37.715
1502;;;4.;Other oral disorders;;446.628;195.145;251.484;0;0;37.204;67.321;61.722;15.723;8.918;4.257;0;0;46.388;84.755;78.891;21.673;12.914;6.863
1505;;P.;Sudden infant death syndrome;;;1.169.899;726.040;443.860;6.687;719.353;0;0;0;0;0;0;3.036;440.824;0;0;0;0;0;0
1510;III.;Injuries;;;;59.029.549;39.140.153;19.889.396;592.426;8.168.574;6.082.182;12.788.657;7.421.655;1.871.332;1.250.084;965.243;354.473;6.062.330;3.850.785;4.411.499;2.682.335;914.936;787.416;825.623
1520;;A.;Unintentional injuries;;;46.869.017;30.356.822;16.512.195;592.129;7.795.880;5.555.403;8.275.266;4.936.561;1.387.975;998.098;815.510;354.159;5.710.823;3.481.759;3.038.654;1.856.865;703.018;637.651;729.267
1530;;;1.;Road injury;;17.861.315;12.338.761;5.522.554;137.584;1.584.838;1.983.116;4.957.982;2.397.887;603.110;387.944;286.300;55.831;1.127.713;1.331.272;1.543.114;759.412;284.602;227.588;193.022
1540;;;2.;Poisonings;;2.118.003;1.308.198;809.805;50.779;789.599;124.049;163.081;113.911;33.091;21.264;12.423;20.842;543.317;72.093;87.550;48.726;15.445;11.754;10.077
1550;;;3.;Falls;;4.611.616;2.792.938;1.818.678;43.383;522.860;537.683;435.484;537.159;239.977;227.713;248.680;61.766;352.334;309.614;256.195;248.095;131.116;163.767;295.792
1560;;;4.;Fire, heat and hot substances;;3.284.025;1.757.025;1.527.000;48.624;700.585;317.600;253.975;232.107;82.319;66.038;55.776;16.523;706.760;270.098;198.410;153.557;59.219;55.843;66.590
1570;;;5.;Drowning;;5.384.173;3.487.713;1.896.460;34.669;1.178.666;1.139.359;674.275;304.755;69.464;49.919;36.605;18.431;865.382;568.414;258.631;103.582;30.784;24.415;26.822
1575;;;6.;Exposure to mechanical forces;;3.509.483;2.474.166;1.035.317;108.878;762.050;402.016;597.419;409.601;104.936;53.689;35.577;69.848;461.159;183.487;114.669;113.119;37.090;30.085;25.860
1580;;;7.;Natural disasters;;3.176;2.019;1.157;0;5;80;471;847;320;192;104;0;5;67;292;450;160;104;79
1590;;;8.;Other unintentional injuries;;10.097.226;6.196.002;3.901.224;168.212;2.257.276;1.051.500;1.192.579;940.295;254.759;191.337;140.044;110.919;1.654.154;746.713;579.792;429.925;144.602;124.093;111.026
1600;;B.;Intentional injuries;;;12.160.532;8.783.331;3.377.201;297;372.694;526.779;4.513.391;2.485.094;483.357;251.986;149.733;313;351.507;369.027;1.372.845;825.469;211.918;149.765;96.356
1610;;;1.;Self-harm;;3.642.916;2.501.785;1.141.132;0;0;124.181;1.036.562;834.136;242.336;152.826;111.744;0;0;37.644;460.947;330.903;132.906;107.341;71.390
1620;;;2.;Interpersonal violence;;7.221.470;5.350.814;1.870.656;2;355.208;304.932;3.071.682;1.342.123;178.368;70.934;27.564;2;333.451;258.055;781.492;388.599;58.516;31.561;18.981
1630;;;3.;Collective violence and legal intervention;;1.296.146;930.733;365.413;295;17.486;97.665;405.147;308.834;62.653;28.226;10.425;312;18.056;73.327;130.406;105.967;20.496;10.863;5.986
